metric,v8_12_validation,x1c2_validation,v8_12_locked_test,x1c2_locked_test
QWK,0.9078,0.9037,0.9008,0.9027
Macro_F1,0.6820,0.6675,0.6995,0.6460
Balanced_Accuracy,0.6682,0.6578,0.6879,0.6466
Accuracy,0.8336,0.8240,0.8347,0.8115
Referable_Sensitivity_argmax,0.9262,0.9329,0.8956,0.9192
Referable_Specificity_argmax,0.9310,0.9241,0.9287,0.9333
Referable_AUC,0.9775,0.9785,0.9792,0.9792
Calibration_Temperature,2.15,1.25,2.15,1.25
Brier_calibrated,0.2455,0.2544,-,0.2604
frozen_OP_threshold,0.7172,0.6443,-,-
frozen_OP_sens_validation,0.9027,0.9027,-,-
frozen_OP_spec_validation,0.9402,0.9425,-,-
frozen_OP_sens_locked_test,-,-,-,0.8620
frozen_OP_spec_locked_test,-,-,-,0.9517
SIH_target_met_at_argmax,No,Yes,No,Yes