experiment,claim,scope,evidence_file,evidence_tag,status,mode,notes
X1,v9.0 candidate trained (X1C2),training,metrics/X1/x1_training_history.csv,EXECUTED,complete,done,best epoch 3 QWK 0.9037; early stop epoch 8
X1,v9.0 candidate checkpoint produced,checkpoint,checkpoints/X1/dr_x1c2_best_X1C2.pt,EXECUTED,complete,done,release asset (not in Git); full SHA-256 in experiments/X1/X1_CHECKSUMS.json release_assets_not_in_git
X1,validation metrics (X1C2),validation,metrics/X1/x1_model_config.json + experiments/X1/X1_RESULTS.json,EXECUTED,complete,done,QWK 0.9037 / acc 0.8240 / ref AUC 0.9785 (argmax sens 0.9329 spec 0.9241)
X1,frozen operating point selected (predeclared rule),validation,metrics/X1/x1_operating_point.json,EXECUTED,complete,done,threshold 0.6443 -> val sens 0.9027 spec 0.9425; validation-only
X1,calibration temperature (validation-only),validation,metrics/X1/x1_calibration.json,EXECUTED,complete,done,T=1.25 Brier 0.2544
X1,baseline v8.12 control validation,validation,metrics/X1/x1_baseline_validation_v8_12.json,EXECUTED_HONEST_NEGATIVE,complete,done,QWK 0.9078; not re-run on test (frozen final_test_report used)
X1,locked-test single-shot evaluation (X1C2),locked_test,metrics/X1/x1_locked_test_report.json,EXECUTED,complete,done,QWK 0.9027; argmax sens 0.9192 spec 0.9333; frozen th sens 0.8620 spec 0.9517; evaluated once
X1,SIH target met (argmax operating point),locked_test,experiments/X1/X1_RESULTS.json,EXECUTED,complete,done,sens 0.9192>0.90 & spec 0.9333>0.85 & QWK 0.9027 no regression vs 0.9008
X1,SIH target NOT met at frozen max-spec threshold,locked_test,metrics/X1/x1_locked_test_report.json,EXECUTED_HONEST_NEGATIVE,complete,done,sens 0.8620<0.90 -> threshold over-tightened; do not deploy that cutoff
X1,robustness on locked test,locked_test,metrics/X1/x1_robustness_locked_test.csv,EXECUTED,complete,done,QWK sev0 0.9027 / sev3 0.8670 / sev5 0.8979
X1,comparison with v8.12 baseline,comparison,experiments/X1/X1_BASELINE_COMPARISON.csv,EXECUTED,complete,done,argmax: sens 0.9192(prev 0.8956) spec 0.9333(prev 0.9287) QWK 0.9027(prev 0.9008)
X1,validation ROC/PR/confusion plots,plots,plots/X1/X1_VALIDATION_ROC.png,EXECUTED,complete,done,plus PR + confusion matrix png
X1,artifact integrity (sha256),integrity,experiments/X1/X1_CHECKSUMS.json,EXECUTED,complete,done,full 64-hex SHA-256 over git-tracked X1 artifacts; release checkpoint under release_assets_not_in_git
X2-POLICY,Frozen deterministic workflow policy (quality gate + routing),decision,metrics/X2/X2_POLICY.json,DECLARED_FROZEN,accepted,done,validation-only routing rules; T=1.25; SHA-256 recorded in metrics/X2/X2_CHECKSUMS.json
X2-FINAL,Single locked-APTOS-test workflow evaluation (frozen model+T+policy),locked_test,metrics/X2/x2_final_locked_test.json,EXECUTED,accepted,done,QWK 0.9027; sens 0.9192 spec 0.9333; 0 missed referable; evaluated exactly once
X2-ABLATION,Ablation A/B/C/D: workflow routing safety vs coverage,validation,metrics/X2/X2_ABLATION.csv,EXECUTED,accepted,done,"validation n=733 only, locked test not used; C/D convert 20 missed-referable -> 0; auto-screen 0.576->0.336; grading constant by construction"
X2-MATLAB-ONNX-PARITY,PyTorch->ONNX->MATLAB parity (importNetworkFromONNX),integration,matlab/X2/results/x2_f_matlab_onnx_parity.json,EXECUTED,accepted,done,n=4 validation cases; py-onnx max diff <1e-5; matlab-onnx max diff <1e-5; MATLAB screening routes match Python
X2-SIMULINK,Workflow-aware Simulink queue model LOW/BASE/HIGH + annualized 100k,integration,simulink/X2/X2_SIMULINK_SCENARIOS.csv,EXECUTED,accepted,done,"MODELED capacity only, not observed; routing fractions derived from validation; all scenarios drained; annualized 100k feasible (33.2/hr demand vs 115/hr capacity)"
X3-AUDIT,Requirement matrix (SIH26038 v9.0) closure audit: rows 1a-6d mapped A/B/C/D,audit,x3/X3_SIH_REQUIREMENT_CLOSURE_AUDIT.md,X3,complete,evidence-review,"Statuses: A=3a,3b,3c,4c; B=1a,1b,1c,2a,2b,2f,4a,4b,4d,5a,5b,6b,6c,6d; C=6a (clinician rating); D=2c,2d,2e"
X3-EVIDENCE,Visual evidence audit: 11 categories / 34 items all present then path-fixed,audit,x3/X3_VISUAL_EVIDENCE_AUDIT.md + x3/X3_VISUAL_EVIDENCE_AUDIT.json,X3,complete,evidence-review,Source fundus/CSV/masks/plots/reports verified on disk; stale Explainability Evidence-image paths fixed
X3-GAP,"Gap prioritization: fovea HIGH, lesion prototype MED, clinician LOW, NV/denoiser/SimEvents OUT",gap,x3/X3_GAP_PRIORITIZATION.md,X3,complete,evidence-review,Prioritized plan executed in this sprint
X3-FOVEA,Fovea localization prototype (IDRiD C train-only; test n=103 single-shot),prototype,x3/step5_fovea/x3_fovea_prototype_v2_results.json + x3/step5_fovea/fovea_prototype_v2_v9_0.pt,X3,PROTOTYPE/EXPERIMENTAL,new-isolated,fovea: median 273px / 32% within 200px / 4.9% within 50px; beats constant-centroid baseline (23%); v1 honest negative kept; NOT clinical
X3-LESION,Classical lesion prototype (IDRiD A test n=27; no training),prototype,x3/step4_lesion/x3_lesion_classical_prototype_results.json + x3/step4_lesion/X3_LESION_CLASSICAL_PROTOTYPE_SUMMARY.csv,X3,PROTOTYPE/EXPERIMENTAL,new-isolated,EX dice 0.125 comp-recall 0.796 comp-prec 0.128; HE dice 0.076; MA/SE not attempted; candidate-highlight only
X3-LESION-FGADR,"FGADR-trained lesion-evidence prototype (MA/HE/EX/SE; step4b, isolated)",prototype,x3/step4b_fgadr/FGADR_RESULTS.json + x3/step4b_fgadr/FGADR_SPLIT_MANIFEST.csv + x3/step4b_fgadr/overlays/*,X3,WITHHELD,excluded,withheld: FGADR-derived artifacts are excluded from this repository pending authorization and redistribution review
X3-LESION-FGADR-IDRID,FGADR prototype single-shot external transfer check (IDRiD A test n=27; no tuning),prototype,x3/step4b_fgadr/FGADR_EXTERNAL_IDRID_RESULTS.json + x3/step4b_fgadr/FGADR_EXTERNAL_IDRID_PERIMAGE.csv,X3,WITHHELD,excluded,withheld: FGADR-derived artifacts are excluded from this repository pending authorization and redistribution review
X3-LESION-FGADR-CHECKSUMS,FGADR prototype artifact integrity (sha256),integrity,x3/step4b_fgadr/FGADR_CHECKSUMS.json,X3,WITHHELD,excluded,withheld: FGADR-derived artifacts are excluded from this repository pending authorization and redistribution review
X3-XPLAIN,Clinical explainability review + demo case bundle,explainability,x3/X3_CLINICAL_EXPLAINABILITY_REVIEW.md + explainability/X2/X2_EXPLAINABILITY_CASES/*,X3,complete,evidence-review,4 demo cases coherent; Grad-CAM attention-only; clinician validation NOT EXECUTED (no clinician)
X3-SIMULINK,Simulink + ablation audit: no over-claim verified,audit,x3/X3_SIMULINK_AND_ABLATION_AUDIT.md + x3/X3_SIMULINK_SUMMARY.csv,X3,complete,evidence-review,annualized 346k MODELED capacity from validation-derived routing fractions (not observed); ablation claims routing-only; no classifier improvement claim
X3-MESSIDOR,Messidor-2 probe confinement: data present on disk (path correction) / no severity claim,audit,x3/X3_MESSIDOR_PROBE_CONFINEMENT_STATEMENT.md + x3/X3_STEP10_MESSIDOR_CONFINEMENT.json,X3,complete,evidence-review,data/messidor-2 exists (1744 imgs); labels third-party; no ICDR-equivalence claim; excluded from scored evidence
